[
    {
        "domain": ".facebook.com",
        "expirationDate": 1709982117.016187,
        "hostOnly": false,
        "httpOnly": true,
        "name": "datr",
        "path": "/",
        "sameSite": "no_restriction",
        "secure": true,
        "session": false,
        "storeId": null,
        "value": "hrhWYsKwbzxV1oI4-0zHfgaW"
    },
    {
        "domain": ".facebook.com",
        "expirationDate": 1686751734.445155,
        "hostOnly": false,
        "httpOnly": true,
        "name": "fr",
        "path": "/",
        "sameSite": "no_restriction",
        "secure": true,
        "session": false,
        "storeId": null,
        "value": "07bjMeFSeMNiNLSNg.AWUWqiouccV3NauGMfn5qO3mu5I.BkEyL4.eJ.AAA.0.0.BkEyL4.AWXuiI4T7Y4"
    },
    {
        "domain": ".facebook.com",
        "expirationDate": 1710511735.445096,
        "hostOnly": false,
        "httpOnly": true,
        "name": "xs",
        "path": "/",
        "sameSite": "no_restriction",
        "secure": true,
        "session": false,
        "storeId": null,
        "value": "32%3ApcSVhlJkj-A1bA%3A2%3A1677678891%3A-1%3A8066%3A%3AAcVYmkBMXNg7BZXbONDrT5T0ryWghqL5GGvMuL2LNd0"
    },
    {
        "domain": ".facebook.com",
        "expirationDate": 1710511735.444982,
        "hostOnly": false,
        "httpOnly": false,
        "name": "c_user",
        "path": "/",
        "sameSite": "no_restriction",
        "secure": true,
        "session": false,
        "storeId": null,
        "value": "100077018483560"
    },
    {
        "domain": ".facebook.com",
        "hostOnly": false,
        "httpOnly": false,
        "name": "presence",
        "path": "/",
        "sameSite": null,
        "secure": true,
        "session": true,
        "storeId": null,
        "value": "C%7B%22t3%22%3A%5B%7B%22i%22%3A%22u.100023662762330%22%7D%2C%7B%22i%22%3A%22g.3025941424093996%22%7D%2C%7B%22i%22%3A%22u.100090433264832%22%7D%2C%7B%22i%22%3A%22u.100001131888173%22%7D%2C%7B%22i%22%3A%22u.100002347063071%22%7D%5D%2C%22utc3%22%3A1678975743086%2C%22v%22%3A1%7D"
    },
    {
        "domain": ".facebook.com",
        "expirationDate": 1679580535,
        "hostOnly": false,
        "httpOnly": false,
        "name": "dpr",
        "path": "/",
        "sameSite": "no_restriction",
        "secure": true,
        "session": false,
        "storeId": null,
        "value": "1.125"
    },
    {
        "domain": ".facebook.com",
        "expirationDate": 1712238894.133461,
        "hostOnly": false,
        "httpOnly": true,
        "name": "sb",
        "path": "/",
        "sameSite": "no_restriction",
        "secure": true,
        "session": false,
        "storeId": null,
        "value": "hrhWYsbXX52MNXv896MKPv3m"
    },
    {
        "domain": ".facebook.com",
        "expirationDate": 1679580535,
        "hostOnly": false,
        "httpOnly": false,
        "name": "wd",
        "path": "/",
        "sameSite": "lax",
        "secure": true,
        "session": false,
        "storeId": null,
        "value": "1707x749"
    }
]